match_id,match_date,season,matchweek_num,referee,target,model_home_win,model_draw,model_away_win,book_home,book_draw,book_away,model_beats_bookmaker
2024-04-24_manchester_united_sheffield_united,2024-04-24,2024,29,Michael Salisbury,1,0.5235373173568131,0.21203256552671934,0.26443011711646747,0.7301317166202503,0.15654215200859706,0.11332613137115262,False
2024-04-24_wolverhampton_wanderers_bournemouth,2024-04-24,2024,29,Stuart Attwell,-1,0.4299131420620234,0.2885956599191784,0.28149119801879824,0.3527435610302352,0.2665173572228444,0.3807390817469205,False
2024-04-24_crystal_palace_newcastle_united,2024-04-24,2024,29,Thomas Bramall,1,0.3034290341652232,0.2565728793899562,0.4399980864448205,0.346524064171123,0.25989304812834224,0.3935828877005347,False
2024-04-25_brighton_and_hove_albion_manchester_city,2024-04-25,2024,29,Jarred Gillett,-1,0.16034509346908934,0.22962416314495682,0.6100307433859538,0.14364741090051691,0.1929808651491793,0.6633717239503039,False
2024-04-27_fulham_crystal_palace,2024-04-27,2024,35,Stuart Attwell,0,0.5600657408952852,0.20603115300111824,0.23390310610359666,0.4539120047780211,0.2660428694671179,0.28004512575486096,False
2024-04-27_wolverhampton_wanderers_luton_town,2024-04-27,2024,35,David Coote,1,0.533581950395249,0.2686533960561549,0.19776465354859601,0.48308154119338204,0.24973928239240112,0.26717917641421685,True
2024-04-27_newcastle_united_sheffield_united,2024-04-27,2024,35,Tony Harrington,1,0.7114417897735809,0.1507431189986817,0.13781509122773752,0.7778912600715535,0.13590997867727428,0.08619876125117217,False
2024-04-27_manchester_united_burnley,2024-04-27,2024,35,John Brooks,0,0.48523178258484395,0.2283453204695882,0.2864228969455679,0.6290828078389911,0.19514405467658494,0.17577313748442394,True
2024-04-27_west_ham_united_liverpool,2024-04-27,2024,35,Anthony Taylor,0,0.13006174221430697,0.2938550763868001,0.5760831813988929,0.17007363661699976,0.1958107513606766,0.6341156120223236,True
2024-04-27_everton_brentford,2024-04-27,2024,35,Darren England,1,0.2464652865134035,0.2427567204558027,0.5107779930307939,0.40503892581884493,0.27311196140927824,0.3218491127718767,False
2024-04-27_aston_villa_chelsea,2024-04-27,2024,35,Craig Pawson,0,0.31371784316581347,0.3125110460941637,0.37377111074002284,0.44139186010385695,0.2455949580577871,0.3130131818383561,True
2024-04-28_nottingham_forest_manchester_city,2024-04-28,2024,35,Simon Hooper,-1,0.13527649858756738,0.20030357687323647,0.6644199245391963,0.10088020442067794,0.16754579405532177,0.7315740015240002,False
2024-04-28_bournemouth_brighton_and_hove_albion,2024-04-28,2024,35,Paul Tierney,1,0.515216409525059,0.23643954844465784,0.2483440420302832,0.4231112996318796,0.25163987820211786,0.32524882216600265,True
2024-04-28_tottenham_hotspur_arsenal,2024-04-28,2024,35,Michael Oliver,-1,0.33953032709456477,0.22015791059946335,0.4403117623059719,0.2324946684269321,0.23535086828475676,0.5321544632883112,False
2024-05-02_chelsea_tottenham_hotspur,2024-05-02,2024,26,Robert Jones,1,0.4817858770560963,0.26201522758667356,0.2561988953572302,0.4349294215333518,0.23625795737614175,0.3288126210905065,True
2024-05-03_luton_town_everton,2024-05-03,2024,36,Tim Robinson,0,0.5121403162281206,0.2297373190405228,0.2581223647313566,0.3625442570231451,0.26937645912892905,0.36807928384792593,False
2024-05-04_brentford_fulham,2024-05-04,2024,36,Graham Scott,0,0.42758123645663915,0.22972576675923378,0.34269299678412707,0.45244724501758504,0.25241793669402113,0.29513481828839394,False
2024-05-04_sheffield_united_nottingham_forest,2024-05-04,2024,36,Chris Kavanagh,-1,0.3494449923944587,0.2802503887609169,0.37030461884462434,0.20532163960013378,0.22609535843026493,0.5685830019696012,False
2024-05-04_burnley_newcastle_united,2024-05-04,2024,36,Anthony Taylor,-1,0.396926176960568,0.2541311555628257,0.34894266747660646,0.28388819051116543,0.24109097586124098,0.4750208336275936,False
2024-05-04_arsenal_bournemouth,2024-05-04,2024,36,David Coote,1,0.6580440508187857,0.18435069361017425,0.15760525557104013,0.7985343447906809,0.12625048929496932,0.07521516591434985,False
2024-05-04_manchester_city_wolverhampton_wanderers,2024-05-04,2024,36,Craig Pawson,1,0.8254099641308353,0.108518740206442,0.0660712956627226,0.8789414293892835,0.08323598245302512,0.037822588157691246,False
2024-05-05_liverpool_tottenham_hotspur,2024-05-05,2024,36,Paul Tierney,1,0.5402455695059828,0.23412363151746496,0.22563079897655233,0.6471723520819717,0.18209412187857762,0.17073352603945066,False
2024-05-05_chelsea_west_ham_united,2024-05-05,2024,36,Andy Madley,1,0.665914918886017,0.15371962853886703,0.180365452575116,0.5804169509936357,0.2104808723383514,0.20910217666801287,True
2024-05-05_brighton_and_hove_albion_aston_villa,2024-05-05,2024,36,Robert Jones,1,0.43893755518915967,0.1885246847889811,0.37253776002185934,0.3520101747927962,0.2539702056860493,0.3940196195211546,True
2024-05-06_crystal_palace_manchester_united,2024-05-06,2024,36,Jarred Gillett,1,0.47741874892701797,0.2399159975232645,0.2826652535497175,0.402248517987377,0.2546147534069035,0.3431367286057194,True
2024-05-11_everton_sheffield_united,2024-05-11,2024,37,Stuart Attwell,1,0.4080087805952911,0.25484044535363415,0.3371507740510747,0.68466324840149,0.1868476701290616,0.1284890814694485,False
2024-05-11_wolverhampton_wanderers_crystal_palace,2024-05-11,2024,37,Thomas Bramall,-1,0.20689552591265517,0.3079131226656042,0.4851913514217406,0.3363934426229508,0.27409836065573767,0.38950819672131143,True
2024-05-11_bournemouth_brentford,2024-05-11,2024,37,Matt Donohue,-1,0.37936137189321695,0.29918401180094667,0.3214546163058363,0.48497666277712953,0.2406651108518086,0.27435822637106183,True
2024-05-11_nottingham_forest_chelsea,2024-05-11,2024,37,Tony Harrington,-1,0.2980908077713882,0.29633261275245426,0.40557657947615755,0.28325748587820726,0.24371646627591942,0.47302604784587327,False
2024-05-11_tottenham_hotspur_burnley,2024-05-11,2024,37,Jarred Gillett,1,0.6032534445786631,0.19750097114590728,0.19924558427542965,0.7098238383044133,0.15944462258085826,0.13073153911472823,False
2024-05-11_west_ham_united_luton_town,2024-05-11,2024,37,Michael Oliver,1,0.4108010611409309,0.3538056162752907,0.2353933225837783,0.5275599568635061,0.22174575554078085,0.25069428759571305,False
2024-05-11_fulham_manchester_city,2024-05-11,2024,37,Anthony Taylor,-1,0.1590591347933541,0.22937221927551374,0.6115686459311321,0.07796269103170718,0.1360200141404253,0.7860172948278675,False
2024-05-11_newcastle_united_brighton_and_hove_albion,2024-05-11,2024,37,Darren England,0,0.5948420920683193,0.23905412879396662,0.1661037791377141,0.6027459681699673,0.1992445092287418,0.1980095226012909,True
2024-05-12_manchester_united_arsenal,2024-05-12,2024,37,Paul Tierney,-1,0.2420708678486944,0.21811093455709518,0.5398181975942105,0.1354867065299453,0.1744083422240023,0.6901049512460523,False
2024-05-13_aston_villa_liverpool,2024-05-13,2024,37,Simon Hooper,0,0.24709592700670954,0.2861368940753085,0.466767178917982,0.2304684607295724,0.21020749714895068,0.5593240421214769,True
2024-05-14_tottenham_hotspur_manchester_city,2024-05-14,2024,34,Chris Kavanagh,-1,0.16735391758194637,0.2272639249893287,0.605382157428725,0.13882590845027268,0.16302060992299364,0.6981534816267337,False
2024-05-15_manchester_united_newcastle_united,2024-05-15,2024,34,Robert Jones,1,0.30600618597747287,0.20766147542376445,0.48633233859876274,0.35181422351233665,0.23773584905660375,0.4104499274310595,False
2024-05-15_brighton_and_hove_albion_chelsea,2024-05-15,2024,34,Michael Salisbury,-1,0.29092737033465804,0.24924260192355793,0.45983002774178416,0.2846627933671217,0.24042947710456142,0.4749077295283169,False
2024-05-19_brentford_newcastle_united,2024-05-19,2024,38,Simon Hooper,-1,0.37764554648016013,0.2044103919783028,0.41794406154153696,0.32607824809720926,0.24208839631459478,0.431833355588196,False
2024-05-19_arsenal_everton,2024-05-19,2024,38,Michael Oliver,1,0.7175463625500589,0.18127292543387463,0.10118071201606646,0.8185686038770704,0.11912005802688712,0.06231133809604245,False
2024-05-19_liverpool_wolverhampton_wanderers,2024-05-19,2024,38,Chris Kavanagh,1,0.7487793994183575,0.14106503716376806,0.11015556341787443,0.8244666490146189,0.10980267656222246,0.06573067442315861,False
2024-05-19_sheffield_united_tottenham_hotspur,2024-05-19,2024,38,Andy Madley,-1,0.24616997119516254,0.2658302925010291,0.4879997363038082,0.13099047692485638,0.15875004819370014,0.7102594748814436,False
2024-05-19_brighton_and_hove_albion_manchester_united,2024-05-19,2024,38,Craig Pawson,-1,0.4365323537030555,0.2589907469982339,0.3044768992987106,0.44177928707546454,0.23325086446563453,0.324969848458901,False
2024-05-19_crystal_palace_aston_villa,2024-05-19,2024,38,Darren Bond,1,0.6331617960279773,0.18240536626965645,0.18443283770236626,0.5137551064463057,0.22446776847069905,0.2617771250829951,True
2024-05-19_burnley_nottingham_forest,2024-05-19,2024,38,Graham Scott,-1,0.32003700287399384,0.2959903339191327,0.3839726632068734,0.3305346884666372,0.2562969509500662,0.41316836058329653,False
2024-05-19_luton_town_fulham,2024-05-19,2024,38,Matt Donohue,-1,0.2552326205969078,0.2404427403733277,0.5043246390297644,0.3280132270305093,0.24248066403268026,0.4295061089368104,True
2024-05-19_chelsea_bournemouth,2024-05-19,2024,38,Anthony Taylor,1,0.7230737046507073,0.13931354313994324,0.1376127522093494,0.6602287724561443,0.1799495714401145,0.1598216561037411,True
2024-05-19_manchester_city_west_ham_united,2024-05-19,2024,38,John Brooks,1,0.8319091554088649,0.11310162158200902,0.05498922300912592,0.8739026353162879,0.08202157839999288,0.04407578628371925,False
2024-08-31_arsenal_brighton_and_hove_albion,2024-08-31,2025,3,Chris Kavanagh,0,0.42934855210042194,0.252050243130158,0.31860120476942005,0.7117553932962332,0.16976497896641604,0.1184796277373508,True
2024-08-31_everton_bournemouth,2024-08-31,2025,3,Stuart Attwell,-1,0.3860473067335408,0.25186883119146386,0.3620838620749953,0.34590033859424474,0.2828243944976471,0.3712752669081082,False
2024-08-31_west_ham_united_manchester_city,2024-08-31,2025,3,Michael Oliver,-1,0.21156972764393225,0.2158114669685649,0.5726188053875029,0.12715563902581475,0.17533118168040396,0.6975131792937812,False
2024-08-31_ipswich_town_fulham,2024-08-31,2025,3,Lewis Smith,0,0.3192553916726006,0.26913644900096073,0.4116081593264385,0.3098175965665236,0.2744098712446352,0.4157725321888412,False
2024-08-31_brentford_southampton,2024-08-31,2025,3,Joshua Smith,1,0.4781098082488349,0.27398102738176683,0.24790916436939822,0.5426805160095993,0.24195075902694982,0.21536872496345086,False
2024-08-31_nottingham_forest_wolverhampton_wanderers,2024-08-31,2025,3,Simon Hooper,0,0.7189490452543866,0.18301051411498706,0.09804044063062617,0.4737519637708657,0.26276406733739266,0.2634839688917417,False
2024-08-31_leicester_city_aston_villa,2024-08-31,2025,3,David Coote,-1,0.1876615093751009,0.2302429054931808,0.5820955851317182,0.20814140332083558,0.23920728441349765,0.5526513122656669,True
2024-09-01_chelsea_crystal_palace,2024-09-01,2025,3,Jarred Gillett,0,0.41881726527976915,0.2809689421213451,0.30021379259888575,0.5896908429925393,0.21845365319950885,0.1918555038079519,True
2024-09-01_manchester_united_liverpool,2024-09-01,2025,3,Anthony Taylor,-1,0.364494050930937,0.2742445954715254,0.36126135359753764,0.25161102295910104,0.2288462161199443,0.5195427609209545,False
2024-09-01_newcastle_united_tottenham_hotspur,2024-09-01,2025,3,Robert Jones,1,0.41003005009528887,0.2798360567214756,0.3101338931832354,0.38274427100005654,0.24198693204285687,0.37526879695708665,True
2024-09-14_fulham_west_ham_united,2024-09-14,2025,4,Tim Robinson,0,0.4589392925586582,0.25226837540479813,0.28879233203654375,0.39616992077849167,0.27549747364481314,0.32833260557669514,False
2024-09-14_crystal_palace_leicester_city,2024-09-14,2025,4,Tony Harrington,0,0.6515367205827506,0.1770742909738572,0.17138898844339218,0.5893815425976693,0.23205118706140124,0.17856727034092956,False
2024-09-14_bournemouth_chelsea,2024-09-14,2025,4,Anthony Taylor,-1,0.2616280496567179,0.27761860621244905,0.46075334413083313,0.28857535911955723,0.24266564289599132,0.46875899798445153,False
2024-09-14_manchester_city_brentford,2024-09-14,2025,4,Darren Bond,1,0.7971367092738605,0.11968709165761053,0.08317619906852898,0.8184709700539154,0.11678183353208306,0.06474719641400142,False
2024-09-14_aston_villa_everton,2024-09-14,2025,4,Craig Pawson,1,0.6561595770839147,0.20763464164998258,0.13620578126610278,0.6348303808106139,0.21397184710357742,0.15119777208580865,True
2024-09-14_southampton_manchester_united,2024-09-14,2025,4,Stuart Attwell,-1,0.3420208927813473,0.26509339307155766,0.392885714147095,0.21055279994249157,0.23765365538063404,0.5517935446768744,False
2024-09-14_brighton_and_hove_albion_ipswich_town,2024-09-14,2025,4,Samuel Barrott,0,0.7517337302587336,0.16229030789721874,0.0859759618440477,0.6933145326916593,0.18542132851056,0.1212641387977807,False
2024-09-14_liverpool_nottingham_forest,2024-09-14,2025,4,Michael Oliver,-1,0.5634140592135419,0.16499274533579877,0.2715931954506593,0.7862073692735889,0.13643997020110646,0.07735266052530472,True
2024-09-15_tottenham_hotspur_arsenal,2024-09-15,2025,4,Jarred Gillett,-1,0.4731473317349013,0.1876340082808339,0.33921865998426476,0.3209107824519,0.26727666839308667,0.4118125491550133,False
2024-09-15_wolverhampton_wanderers_newcastle_united,2024-09-15,2025,4,Chris Kavanagh,-1,0.32379431725502106,0.27300112761695744,0.4032045551280215,0.2854707247588354,0.25994082254463063,0.4545884526965341,False
2024-09-21_liverpool_bournemouth,2024-09-21,2025,5,Tony Harrington,1,0.6490392800992723,0.13667829414192637,0.21428242575880135,0.7449314961256264,0.1522918589543674,0.10277664492000621,False
2024-09-21_crystal_palace_manchester_united,2024-09-21,2025,5,David Coote,0,0.2917607706961327,0.2183183677814946,0.48992086152237263,0.33627505056076484,0.2576300790586505,0.4060948703805847,False
2024-09-21_southampton_ipswich_town,2024-09-21,2025,5,Samuel Allison,0,0.6830617192921525,0.18356959946539292,0.1333686812424546,0.4257160189081641,0.27211961435891174,0.302164366732924,False
2024-09-21_west_ham_united_chelsea,2024-09-21,2025,5,Samuel Barrott,-1,0.23561027249594135,0.18284574864642358,0.581543978857635,0.27521744180725727,0.24691744779108687,0.47786511040165575,True
2024-09-21_leicester_city_everton,2024-09-21,2025,5,Darren England,0,0.5026092591525931,0.18928697676977038,0.30810376407763646,0.38078191238813,0.2789448893075836,0.3402731983042864,False
2024-09-21_tottenham_hotspur_brentford,2024-09-21,2025,5,John Brooks,1,0.6501350269292187,0.11735435702995324,0.23251061604082804,0.6192348078289486,0.20335041358789627,0.17741477858315532,True
2024-09-21_fulham_newcastle_united,2024-09-21,2025,5,Peter Bankes,1,0.5084200169924226,0.21966768759469651,0.2719122954128809,0.3353272165052973,0.2732295838191311,0.39144319967557145,True
2024-09-21_aston_villa_wolverhampton_wanderers,2024-09-21,2025,5,Tim Robinson,1,0.690092930802983,0.1742405595758327,0.13566650962118437,0.6026336113883678,0.21826593214293963,0.17910045646869252,True
2024-09-22_manchester_city_arsenal,2024-09-22,2025,5,Michael Oliver,0,0.721657463483275,0.1735557575197832,0.10478677899694196,0.5234527458043546,0.26461837702264346,0.21192887717300204,False
2024-09-22_brighton_and_hove_albion_nottingham_forest,2024-09-22,2025,5,Robert Jones,0,0.5853869387890219,0.1808419285432641,0.23377113266771402,0.5188215723308891,0.2519603458317111,0.22921808183739995,False
2024-09-28_wolverhampton_wanderers_liverpool,2024-09-28,2025,6,Anthony Taylor,-1,0.16968598842251043,0.2865314426218103,0.5437825689556792,0.1188578227245687,0.1723973825104105,0.7087447947650208,False
2024-09-28_nottingham_forest_fulham,2024-09-28,2025,6,Joshua Smith,-1,0.42389853842805053,0.2691083949405442,0.30699306663140524,0.39994851352300126,0.28738815342970153,0.31266333304729743,False
2024-09-28_arsenal_leicester_city,2024-09-28,2025,6,Samuel Barrott,1,0.5437077905969927,0.24711814790565978,0.20917406149734746,0.8137110515898687,0.12278504359028708,0.06350390481984425,False
2024-09-28_newcastle_united_manchester_city,2024-09-28,2025,6,Jarred Gillett,0,0.14565871036087175,0.23473610275595208,0.6196051868831762,0.18867236963184156,0.21484169159419989,0.5964859387739586,True
2024-09-28_chelsea_brighton_and_hove_albion,2024-09-28,2025,6,Peter Bankes,1,0.36096617127988195,0.31173670411828264,0.3272971246018353,0.5520751761942051,0.22709475332811274,0.22083007047768208,False
2024-09-28_everton_crystal_palace,2024-09-28,2025,6,Andy Madley,1,0.3358889757587634,0.29925662837407757,0.364854395867159,0.3516999798818949,0.28322741742701274,0.3650726026910925,False
2024-09-28_brentford_west_ham_united,2024-09-28,2025,6,Simon Hooper,0,0.4782556068923912,0.3007852249140462,0.22095916819356254,0.43071547446025016,0.26533025084153533,0.30395427469821445,True
2024-09-29_ipswich_town_aston_villa,2024-09-29,2025,6,Stuart Attwell,0,0.17530685876906335,0.2277551487630469,0.5969379924678898,0.23147895810007255,0.2548110546724937,0.5137099872274337,False
2024-09-29_manchester_united_tottenham_hotspur,2024-09-29,2025,6,Chris Kavanagh,-1,0.4384749941830711,0.3073923353030576,0.2541326705138714,0.40672406569307246,0.24675290360813648,0.346523030698791,False
2024-09-30_bournemouth_southampton,2024-09-30,2025,6,Michael Oliver,1,0.4341583718674354,0.2887759871068497,0.277065641025715,0.581170900482564,0.22352726941637077,0.19530183010106528,False
2024-10-05_everton_newcastle_united,2024-10-05,2025,7,Craig Pawson,0,0.3022657593259369,0.2385220963108817,0.45921214436318136,0.3046252655650356,0.265074471417089,0.43030026301787544,False
2024-10-05_leicester_city_bournemouth,2024-10-05,2025,7,Darren Bond,1,0.2645587984525947,0.22566367666856696,0.5097775248788383,0.2960039356872918,0.26203627093629106,0.4419597933764172,False
2024-10-05_west_ham_united_ipswich_town,2024-10-05,2025,7,Anthony Taylor,1,0.48444373800303014,0.2222129115407832,0.2933433504561867,0.5324601366742596,0.2420273348519362,0.22551252847380407,False
2024-10-05_manchester_city_fulham,2024-10-05,2025,7,Peter Bankes,1,0.6900070063004009,0.1874953312466051,0.12249766245299404,0.7736147494406546,0.14004121011772433,0.08634404044162121,False
2024-10-05_crystal_palace_liverpool,2024-10-05,2025,7,Simon Hooper,-1,0.22399470227689763,0.24424159846655438,0.5317636992565481,0.15068868546224465,0.20610323430965072,0.6432080802281047,False
2024-10-05_arsenal_southampton,2024-10-05,2025,7,Tony Harrington,1,0.6208530807474922,0.21276623799770542,0.16638068125480238,0.8438073238671105,0.10455873360962022,0.05163394252326924,False
2024-10-05_brentford_wolverhampton_wanderers,2024-10-05,2025,7,Andy Madley,1,0.5246413526746072,0.2769031182021846,0.19845552912320824,0.45945719825250003,0.2638092154801442,0.2767335862673559,True
2024-10-06_brighton_and_hove_albion_tottenham_hotspur,2024-10-06,2025,7,David Coote,1,0.3181990604171493,0.3026177519251785,0.3791831876576723,0.33072715370419,0.23917923833968852,0.4300936079561215,False
2024-10-06_chelsea_nottingham_forest,2024-10-06,2025,7,Chris Kavanagh,0,0.6300816740898415,0.21223685629665565,0.15768146961350293,0.6463816500748147,0.20225049516082996,0.15136785476435535,True
2024-10-06_aston_villa_manchester_united,2024-10-06,2025,7,Robert Jones,0,0.5045108373654944,0.21611678660757458,0.27937237602693094,0.43463969658659923,0.2514538558786346,0.3139064475347661,False
2024-10-19_southampton_leicester_city,2024-10-19,2025,8,Anthony Taylor,-1,0.5358598460444268,0.21731215459435171,0.2468279993612215,0.4120026273032115,0.2711768705131307,0.3168205021836577,False
2024-10-19_fulham_aston_villa,2024-10-19,2025,8,Darren England,-1,0.4412471711717752,0.23581710677326087,0.3229357220549639,0.3934787175277944,0.2743108773622338,0.3322104051099717,False
2024-10-19_newcastle_united_brighton_and_hove_albion,2024-10-19,2025,8,Peter Bankes,-1,0.4120934524064347,0.28870066003401684,0.29920588755954847,0.47831080297969636,0.2477847201003066,0.27390447691999703,True
2024-10-19_manchester_united_brentford,2024-10-19,2025,8,Samuel Barrott,1,0.5063304849686283,0.24125345044663798,0.2524160645847337,0.5614100837383615,0.22430169233471922,0.21428822392691924,False
2024-10-19_bournemouth_arsenal,2024-10-19,2025,8,Robert Jones,1,0.36866192854308955,0.26012035421771124,0.3712177172391992,0.19423886925795053,0.23460636042402827,0.5711547703180212,True
2024-10-19_tottenham_hotspur_west_ham_united,2024-10-19,2025,8,Andy Madley,1,0.673100086741121,0.17824891128421672,0.14865100197466233,0.6380484552425143,0.19492315333274365,0.16702839142474196,True
2024-10-19_ipswich_town_everton,2024-10-19,2025,8,Michael Oliver,-1,0.467704495702589,0.24546653790899298,0.2868289663884179,0.40014459966882016,0.2808032278377685,0.31905217249341145,False
2024-10-20_liverpool_chelsea,2024-10-20,2025,8,John Brooks,1,0.43410394716709455,0.1865433867674895,0.37935266606541596,0.5866369710467706,0.21781737193763923,0.1955456570155902,False
2024-10-20_wolverhampton_wanderers_manchester_city,2024-10-20,2025,8,Chris Kavanagh,-1,0.11295618149247984,0.20280876499657877,0.6842350535109415,0.10756650005684665,0.16328043085552107,0.7291530690876322,False
2024-10-21_nottingham_forest_crystal_palace,2024-10-21,2025,8,Tim Robinson,1,0.4311800246508336,0.279652272096046,0.28916770325312047,0.40455801267817637,0.28844619635060303,0.3069957909712206,True
2024-10-25_leicester_city_nottingham_forest,2024-10-25,2025,9,Craig Pawson,-1,0.4108456823965965,0.22563114931179143,0.3635231682916121,0.311247174883008,0.2896848705989442,0.39906795451804755,False
2024-10-26_brentford_ipswich_town,2024-10-26,2025,9,Lewis Smith,1,0.555330365641694,0.22834985851243297,0.21631977584587295,0.5764612089679522,0.22545438383524125,0.1980844071968066,False
2024-10-26_everton_fulham,2024-10-26,2025,9,John Brooks,0,0.28783387759323525,0.23813357285337128,0.47403254955339347,0.34715838853846404,0.28431962978224345,0.36852198167929245,False
2024-10-26_manchester_city_southampton,2024-10-26,2025,9,Tony Harrington,1,0.781929239945547,0.14817720955539113,0.06989355049906182,0.8663865754977692,0.08790576771503875,0.04570765678719221,False
2024-10-26_brighton_and_hove_albion_wolverhampton_wanderers,2024-10-26,2025,9,Michael Oliver,0,0.709790197776781,0.17048112180781544,0.11972868041540352,0.5842440701723647,0.22179635997284214,0.19395956985479315,False
2024-10-26_aston_villa_bournemouth,2024-10-26,2025,9,Chris Kavanagh,0,0.5290708993449713,0.22809371891996133,0.2428353817350674,0.5162548764629389,0.24187256176853056,0.24187256176853056,False
2024-10-27_west_ham_united_manchester_united,2024-10-27,2025,9,David Coote,1,0.39333375093841877,0.22425404563132906,0.3824122034302521,0.3312005026839183,0.25799715707723014,0.4108023402388515,True
2024-10-27_arsenal_liverpool,2024-10-27,2025,9,Anthony Taylor,0,0.3375021189026742,0.24155717853861597,0.4209407025587099,0.3845467431603801,0.2841309764003996,0.3313222804392203,False
2024-10-27_crystal_palace_tottenham_hotspur,2024-10-27,2025,9,Darren Bond,1,0.232990519743116,0.2567718176938939,0.5102376625629901,0.24119947848761408,0.24119947848761408,0.5176010430247717,False
2024-10-27_chelsea_newcastle_united,2024-10-27,2025,9,Simon Hooper,1,0.48783534767414594,0.267294398941099,0.24487025338475496,0.5442941324975525,0.22487269323842543,0.23083317426402222,False
2024-11-02_ipswich_town_leicester_city,2024-11-02,2025,10,Tim Robinson,0,0.4493521233576573,0.24292299806624224,0.3077248785761005,0.42311266542506987,0.2660569946024678,0.31083033997246234,False
2024-11-02_wolverhampton_wanderers_crystal_palace,2024-11-02,2025,10,Anthony Taylor,0,0.3503164425705494,0.2660343592908103,0.3836491981386404,0.3799627487501226,0.2827369865699441,0.33730026467993335,False
2024-11-02_nottingham_forest_west_ham_united,2024-11-02,2025,10,Peter Bankes,1,0.3884763705050611,0.299243241724768,0.3122803877701708,0.44690388323999386,0.2729668605017008,0.28012925625830515,False
2024-11-02_bournemouth_manchester_city,2024-11-02,2025,10,Michael Oliver,1,0.2008476827591586,0.26022363890324346,0.5389286783375979,0.18037159676232523,0.21612092224675003,0.6035074809909247,True
2024-11-02_liverpool_brighton_and_hove_albion,2024-11-02,2025,10,Tony Harrington,1,0.627291085735687,0.19959337089226534,0.17311554337204751,0.6884055376109205,0.17720068468132952,0.13439377770774993,False
2024-11-02_southampton_everton,2024-11-02,2025,10,Andy Madley,1,0.39483150122047,0.27499636153261275,0.33017213724691724,0.36261644168318463,0.27613033633920664,0.36125322197760873,True
2024-11-02_newcastle_united_arsenal,2024-11-02,2025,10,John Brooks,1,0.4468408076370247,0.27495393052512884,0.27820526183784644,0.25473030217452697,0.26025291035175246,0.48501678747372046,True
2024-11-03_tottenham_hotspur_aston_villa,2024-11-03,2025,10,Craig Pawson,1,0.6064757202984105,0.16988958816992802,0.22363469153166157,0.49557367321669277,0.23500176641479528,0.2694245603685118,True
2024-11-03_manchester_united_chelsea,2024-11-03,2025,10,Robert Jones,0,0.37189967551815706,0.20040158174291092,0.42769874273893216,0.37169854805254665,0.2536990089882462,0.37460244295920725,False
2024-11-04_fulham_brentford,2024-11-04,2025,10,Stuart Attwell,1,0.5077541679957821,0.23726642578511567,0.2549794062191022,0.47148895217096215,0.2566012259804432,0.27190982184859463,True
2024-11-09_wolverhampton_wanderers_southampton,2024-11-09,2025,11,Thomas Bramall,1,0.3977599871908919,0.25429436574937164,0.3479456470597364,0.4891227388207855,0.24965639793977595,0.2612208632394386,False
2024-11-09_west_ham_united_everton,2024-11-09,2025,11,Stuart Attwell,0,0.5164822920485616,0.24560856272637338,0.23790914522506507,0.4399060821556095,0.2763675098268671,0.28372640801752336,False
2024-11-09_brighton_and_hove_albion_manchester_city,2024-11-09,2025,11,Samuel Barrott,1,0.20209199969945912,0.24802331592102497,0.5498846843795159,0.22120138343694967,0.23021918563941524,0.5485794309236351,False
2024-11-09_crystal_palace_fulham,2024-11-09,2025,11,Michael Salisbury,-1,0.32561272660202195,0.2512889787243625,0.4230982946736155,0.3558282208588957,0.27607361963190186,0.3680981595092025,True
2024-11-09_liverpool_aston_villa,2024-11-09,2025,11,David Coote,1,0.6060149333755184,0.20916488703528033,0.18482017958920127,0.6748083300781998,0.18217259100970415,0.14301907891209606,False
2024-11-09_brentford_bournemouth,2024-11-09,2025,11,Darren Bond,1,0.4270440176339767,0.2631966703667499,0.30975931199927337,0.37952357447403917,0.26746368897474065,0.3530127365512202,True
2024-11-10_nottingham_forest_newcastle_united,2024-11-10,2025,11,Anthony Taylor,-1,0.4414957613664386,0.23820411442300837,0.32030012421055304,0.3569313230705799,0.29007409639270687,0.3529945805367132,False
2024-11-10_tottenham_hotspur_ipswich_town,2024-11-10,2025,11,Darren England,-1,0.8007667954787883,0.11590623957266794,0.08332696494854389,0.7618217378146555,0.1419963594151577,0.09618190277018696,False
2024-11-10_chelsea_arsenal,2024-11-10,2025,11,Michael Oliver,0,0.4233232028491013,0.30297498281431995,0.27370181433657875,0.34783550721497597,0.2740824197252676,0.37808207305975655,True
2024-11-10_manchester_united_leicester_city,2024-11-10,2025,11,Peter Bankes,1,0.567778536477153,0.21346307567393338,0.2187583878489136,0.6914959050122235,0.17965968373214777,0.12884441125562876,False
2024-11-23_aston_villa_crystal_palace,2024-11-23,2025,12,Tim Robinson,0,0.5261121146204814,0.2422403522944129,0.2316475330851058,0.5897352187729548,0.23388525708027158,0.17637952414677363,True
2024-11-23_fulham_wolverhampton_wanderers,2024-11-23,2025,12,Robert Jones,-1,0.7164549998035123,0.17787694268488544,0.10566805751160215,0.5817638371767291,0.2346969025285093,0.18353926029476159,False
2024-11-23_everton_brentford,2024-11-23,2025,12,Chris Kavanagh,0,0.46871091027298656,0.24243060611980938,0.288858483607204,0.39090866554370207,0.28200449185850646,0.3270868425977915,False
2024-11-23_arsenal_nottingham_forest,2024-11-23,2025,12,Simon Hooper,1,0.49913345374856805,0.21684285282443008,0.28402369342700184,0.6995029643440568,0.19282073665017263,0.10767629900577054,False
2024-11-23_manchester_city_tottenham_hotspur,2024-11-23,2025,12,John Brooks,-1,0.5931910628211857,0.22202382089197423,0.18478511628684008,0.6455384601990646,0.19198648816299524,0.1624750516379402,True
2024-11-23_bournemouth_brighton_and_hove_albion,2024-11-23,2025,12,Stuart Attwell,-1,0.5431931401328454,0.2145524677389357,0.24225439212821892,0.3986599922988062,0.26540623796688484,0.3359337697343088,False
2024-11-23_leicester_city_chelsea,2024-11-23,2025,12,Andy Madley,-1,0.39566880211532635,0.18349232338439225,0.4208388745002813,0.14231605569752617,0.19971587857760953,0.6579680657248642,False
2024-11-24_southampton_liverpool,2024-11-24,2025,12,Samuel Barrott,-1,0.24952036126514038,0.23415876963940263,0.5163208690954569,0.09199660415219572,0.16053098711121402,0.7474724087365903,False
2024-11-24_ipswich_town_manchester_united,2024-11-24,2025,12,Anthony Taylor,0,0.22998813927198308,0.31561619021907306,0.45439567050894397,0.1885601815809384,0.22609348786719152,0.5853463305518701,True
2024-11-25_newcastle_united_west_ham_united,2024-11-25,2025,12,Craig Pawson,-1,0.5975661715450086,0.23451039845449617,0.16792343000049517,0.6370345928255409,0.2090923171199806,0.1538730900544785,True
2024-11-29_brighton_and_hove_albion_southampton,2024-11-29,2025,13,Robert Jones,0,0.5103585032163868,0.24484760901879551,0.24479388776481764,0.6913814922816885,0.18166734863356276,0.1269511590847486,True
2024-11-30_brentford_leicester_city,2024-11-30,2025,13,Michael Oliver,1,0.38408329145199654,0.2511545599583717,0.36476214858963174,0.5772432725585245,0.22599618689791284,0.19676054054356273,False
2024-11-30_west_ham_united_arsenal,2024-11-30,2025,13,Anthony Taylor,-1,0.328381821052012,0.23815330881102006,0.43346487013696783,0.13566456337088556,0.20552601587597838,0.6588094207531361,False
2024-11-30_nottingham_forest_ipswich_town,2024-11-30,2025,13,Tony Harrington,1,0.5493706658040979,0.2214944765935291,0.2291348576023729,0.5484080766544883,0.25123406653019753,0.2003578568153141,True
2024-11-30_crystal_palace_newcastle_united,2024-11-30,2025,13,Darren England,0,0.31171019051996257,0.2374961220901526,0.4507936873898848,0.31489400978371224,0.2688982555456419,0.41620773467064576,False
2024-11-30_wolverhampton_wanderers_bournemouth,2024-11-30,2025,13,Peter Bankes,-1,0.3814413707366674,0.22947898253400115,0.38907964672933143,0.34129311981525756,0.2656602954794664,0.3930465847052761,False
2024-12-01_tottenham_hotspur_fulham,2024-12-01,2025,13,Darren Bond,0,0.44771389780763,0.23047271327235638,0.32181338892001354,0.555227762592267,0.2195383337146435,0.2252339036930894,True
2024-12-01_manchester_united_everton,2024-12-01,2025,13,John Brooks,1,0.4711506202539554,0.23207714667784823,0.29677223306819633,0.6215242529120965,0.22105019618582644,0.15742555090207708,False
2024-12-01_liverpool_manchester_city,2024-12-01,2025,13,Chris Kavanagh,1,0.4179919098135658,0.26344982739390926,0.3185582627925248,0.4576569169728357,0.25851431256033147,0.2838287704668328,False
2024-12-01_chelsea_aston_villa,2024-12-01,2025,13,Stuart Attwell,1,0.545272146543072,0.22126548368316934,0.23346236977375873,0.56011953401793,0.2275069841260476,0.21237348185602228,False
2024-12-03_ipswich_town_crystal_palace,2024-12-03,2025,14,Craig Pawson,-1,0.39298414154035055,0.2723464987973777,0.3346693596622716,0.31101942368766994,0.2851780472388427,0.4038025290734874,False
2024-12-03_leicester_city_west_ham_united,2024-12-03,2025,14,Joshua Smith,1,0.47904993163485277,0.24798588509913666,0.2729641832660106,0.33144274803204893,0.2794139445619017,0.3891433074060493,True
2024-12-04_aston_villa_brentford,2024-12-04,2025,14,Lewis Smith,1,0.4966614549038271,0.30445574414077803,0.19888280095539482,0.5337870929663071,0.23960517888761912,0.22660772814607372,False
2024-12-04_arsenal_manchester_united,2024-12-04,2025,14,Samuel Barrott,1,0.53091262704897,0.23529168648124776,0.23379568646978222,0.6580459423489061,0.20311777501678707,0.1388362826343068,False
2024-12-04_everton_wolverhampton_wanderers,2024-12-04,2025,14,Michael Salisbury,1,0.4947575376746064,0.2673886773068673,0.23785378501852633,0.4487960266662725,0.2775790453947466,0.27362492793898097,True
2024-12-04_southampton_chelsea,2024-12-04,2025,14,Tony Harrington,-1,0.19170923758634256,0.24325813270301005,0.5650326297106474,0.11430161615733864,0.170033787156041,0.7156645966866203,False
2024-12-04_manchester_city_nottingham_forest,2024-12-04,2025,14,Michael Oliver,1,0.5718162358855466,0.20906285648139172,0.21912090763306155,0.6997820024193011,0.1840117741486454,0.11620622343205364,False
2024-12-04_newcastle_united_liverpool,2024-12-04,2025,14,Andy Madley,0,0.2617662973690453,0.24609432375549228,0.4921393788754625,0.2244262325778807,0.2372029735414729,0.5383707938806463,True
2024-12-05_fulham_brighton_and_hove_albion,2024-12-05,2025,14,Peter Bankes,1,0.6113964282960387,0.18626000032639947,0.2023435713775619,0.410458251335395,0.2620185549620466,0.3275231937025583,True
2024-12-05_bournemouth_tottenham_hotspur,2024-12-05,2025,14,Simon Hooper,1,0.39273602973816607,0.25762406184046893,0.34963990842136494,0.3608725092629929,0.2439571810068702,0.3951703097301369,True
2024-12-07_aston_villa_southampton,2024-12-07,2025,15,Darren Bond,1,0.6208800431906307,0.2080918604801717,0.1710280963291975,0.6996298210940474,0.1771705831605998,0.1231995957453528,False
2024-12-07_brentford_newcastle_united,2024-12-07,2025,15,Simon Hooper,1,0.3569497396892591,0.26717896934776353,0.37587129096297733,0.3359571261095294,0.25690839055434594,0.4071344833361246,True
2024-12-07_crystal_palace_manchester_city,2024-12-07,2025,15,Robert Jones,0,0.341670440359603,0.23791457529737195,0.420414984343025,0.17814027518147013,0.2217496728009524,0.6001100520175775,True
2024-12-07_manchester_united_nottingham_forest,2024-12-07,2025,15,Darren England,-1,0.5344122248088837,0.2206807372179432,0.24490703797317298,0.5752027051392653,0.2371823500203884,0.1876149448403463,True
2024-12-08_ipswich_town_bournemouth,2024-12-08,2025,15,Michael Salisbury,-1,0.3173665842987999,0.26424786093189684,0.4183855547693033,0.26849736833665333,0.2569800549495583,0.47452257671378834,False
2024-12-08_fulham_arsenal,2024-12-08,2025,15,Chris Kavanagh,0,0.38308753730711737,0.24153976472438302,0.3753726979684997,0.17769494278485232,0.22630959694297229,0.5959954602721754,True
2024-12-08_leicester_city_brighton_and_hove_albion,2024-12-08,2025,15,Stuart Attwell,0,0.38189604884333006,0.26828202547871194,0.349821925677958,0.21392992464557875,0.23840946826173956,0.5476606070926816,True
2024-12-08_tottenham_hotspur_chelsea,2024-12-08,2025,15,Anthony Taylor,-1,0.2977408473828359,0.26838200160957776,0.43387715100758645,0.2989287207918243,0.23751514696578122,0.4635561322423943,False
2024-12-09_west_ham_united_wolverhampton_wanderers,2024-12-09,2025,15,John Brooks,1,0.4411250143910497,0.26767015856195825,0.29120482704699213,0.5006467775460679,0.24837281691246485,0.2509804055414671,False
2024-12-14_nottingham_forest_aston_villa,2024-12-14,2025,16,Samuel Barrott,1,0.26134450156415073,0.32001866829646886,0.41863683013938036,0.361816009557945,0.281768219832736,0.35641577060931895,False
2024-12-14_arsenal_everton,2024-12-14,2025,16,Craig Pawson,0,0.6776669475511489,0.1684877020957489,0.1538453503531022,0.7773760772147534,0.1510541192692175,0.07156980351602896,True
2024-12-14_wolverhampton_wanderers_ipswich_town,2024-12-14,2025,16,Simon Hooper,-1,0.4881434209515347,0.2247679569725109,0.2870886220759544,0.5026161056668087,0.24933958244567533,0.24804431188751597,True
2024-12-14_liverpool_fulham,2024-12-14,2025,16,Tony Harrington,0,0.6375670352075987,0.20079755999353735,0.16163540479886393,0.7256648349074348,0.16658740557875026,0.10774775951381484,True
2024-12-14_newcastle_united_leicester_city,2024-12-14,2025,16,Thomas Bramall,1,0.5529369653065609,0.20006197163525347,0.24700106305818567,0.7304746200073134,0.16413752181982516,0.10538785817286131,False
2024-12-15_manchester_city_manchester_united,2024-12-15,2025,16,Anthony Taylor,-1,0.5460981618318886,0.22505975824173155,0.22884207992637973,0.6032386763670499,0.20765078620042243,0.18911053743252756,True
2024-12-15_chelsea_brentford,2024-12-15,2025,16,Peter Bankes,1,0.7501931728687355,0.15514561433219654,0.0946612127990679,0.7192121055502914,0.16240273351135615,0.11838516093835241,True
2024-12-15_brighton_and_hove_albion_crystal_palace,2024-12-15,2025,16,Michael Oliver,-1,0.5361474405198119,0.21250660999819065,0.25134594948199745,0.5052087572230813,0.24995930658419466,0.24483193619272403,True
2024-12-15_southampton_tottenham_hotspur,2024-12-15,2025,16,Darren England,-1,0.27672551239921506,0.24312660587381682,0.48014788172696804,0.22231148858028232,0.21335934810053944,0.5643291633191783,False
2024-12-16_bournemouth_west_ham_united,2024-12-16,2025,16,Chris Kavanagh,0,0.5730606623610549,0.2100828456864158,0.2168564919525292,0.5573766061395896,0.22747350751758907,0.2151498863428213,False
2024-12-21_aston_villa_manchester_city,2024-12-21,2025,17,Peter Bankes,1,0.45376152407420217,0.23668642106280777,0.3095520548629901,0.29080932784636493,0.25788751714677643,0.45130315500685875,True
2024-12-21_west_ham_united_brighton_and_hove_albion,2024-12-21,2025,17,Robert Jones,0,0.4183618731302026,0.27112361259122736,0.31051451427856996,0.3420982023074859,0.2554333243895895,0.40246847330292457,True
2024-12-21_brentford_nottingham_forest,2024-12-21,2025,17,Michael Oliver,-1,0.4891643283449102,0.2154198503208272,0.2954158213342626,0.40756990779644736,0.2720992282163783,0.32033086398717436,False
2024-12-21_ipswich_town_newcastle_united,2024-12-21,2025,17,Stuart Attwell,-1,0.3455846408592107,0.2473369620681472,0.40707839707264204,0.20761904186515787,0.24230981848060196,0.5500711396542401,False
2024-12-21_crystal_palace_arsenal,2024-12-21,2025,17,Simon Hooper,-1,0.22920210290103143,0.30047281506367657,0.47032508203529194,0.15743246045707066,0.23289278821873222,0.6096747513241971,False
2024-12-22_tottenham_hotspur_liverpool,2024-12-22,2025,17,Samuel Barrott,-1,0.2712488898335432,0.25518328026574844,0.4735678299007084,0.22296801698096824,0.22090826624673296,0.5561237167722988,False
2024-12-22_leicester_city_wolverhampton_wanderers,2024-12-22,2025,17,Anthony Taylor,-1,0.2763563564970268,0.3162881022682989,0.40735554123467443,0.3753405006682632,0.2688534485123795,0.3558060508193573,True
2024-12-22_everton_chelsea,2024-12-22,2025,17,Chris Kavanagh,0,0.1612662824612642,0.32643148484080103,0.5123022326979348,0.18408912539959038,0.2308914454164354,0.5850194291839743,True
2024-12-22_manchester_united_bournemouth,2024-12-22,2025,17,Craig Pawson,-1,0.3417991934998251,0.27798685654937644,0.3802139499507985,0.5177726555865582,0.2468761373286425,0.2353512070847992,True
2024-12-22_fulham_southampton,2024-12-22,2025,17,Tim Robinson,0,0.6325325025862768,0.20294974715315778,0.16451775026056534,0.6742001772147126,0.19301698621872818,0.13278283656655918,True
2024-12-26_southampton_west_ham_united,2024-12-26,2025,18,Lewis Smith,-1,0.2666234601767433,0.2330900245410465,0.5002865152822101,0.2944336530290154,0.2679677066893287,0.4375986402816559,True
2024-12-26_nottingham_forest_tottenham_hotspur,2024-12-26,2025,18,Craig Pawson,1,0.4475188057529255,0.2355019063623658,0.3169792878847087,0.4062273714699493,0.2552498189717596,0.3385228095582911,True
2024-12-26_liverpool_leicester_city,2024-12-26,2025,18,Darren Bond,1,0.8267419003498538,0.12419312844120099,0.049064971208945075,0.8851905043507646,0.07709723747571176,0.0377122581735237,False
2024-12-26_newcastle_united_aston_villa,2024-12-26,2025,18,Anthony Taylor,1,0.5831198155795034,0.21380023578571228,0.20307994863478426,0.4948220478757431,0.24424720010234888,0.2609307520219082,True
2024-12-26_chelsea_fulham,2024-12-26,2025,18,Samuel Barrott,-1,0.7321606874374714,0.13607505325288774,0.13176425930964086,0.6492436091299071,0.1955713330780663,0.15518505779202657,False
2024-12-26_manchester_city_everton,2024-12-26,2025,18,Simon Hooper,0,0.6362846578903758,0.179312026241447,0.18440331586817718,0.71356369544976,0.17512369082466636,0.11131261372557373,True
2024-12-26_wolverhampton_wanderers_manchester_united,2024-12-26,2025,18,Tony Harrington,1,0.3569818524671778,0.2604002174636246,0.38261793006919764,0.2508912967493883,0.25767214260747984,0.49143656064313185,True
2024-12-26_bournemouth_crystal_palace,2024-12-26,2025,18,Thomas Bramall,0,0.5237635268018523,0.2038523097369069,0.2723841634612407,0.5012695020597198,0.25262919201948747,0.24610130592079266,False
2024-12-27_brighton_and_hove_albion_brentford,2024-12-27,2025,18,Andy Madley,0,0.5841652778400713,0.19348773283332313,0.2223469893266056,0.5865970691220335,0.21667098949552585,0.19673194138244066,False
2024-12-27_arsenal_ipswich_town,2024-12-27,2025,18,Darren England,1,0.7809611552567898,0.13156715458194063,0.08747169016126956,0.8294601069996307,0.11495504469767881,0.05558484830269044,False
2024-12-29_everton_nottingham_forest,2024-12-29,2025,19,Tony Harrington,-1,0.3819705888035419,0.26782298132233956,0.35020642987411843,0.3612318430789614,0.30178862839508164,0.3369795285259569,True
2024-12-29_west_ham_united_liverpool,2024-12-29,2025,19,Anthony Taylor,-1,0.2264528793294791,0.2571124223062399,0.516434698364281,0.13550467782806103,0.18310037080797495,0.6813949513639639,False
2024-12-29_fulham_bournemouth,2024-12-29,2025,19,Robert Jones,0,0.3431368935087459,0.3052401647430602,0.3516229417481938,0.405846672873822,0.26640773219370995,0.3277455949324679,True
2024-12-29_leicester_city_manchester_city,2024-12-29,2025,19,Michael Oliver,-1,0.16166635203858995,0.26321076982231406,0.5751228781390959,0.12019663549015226,0.1693874293740224,0.7104159351358252,False
2024-12-29_crystal_palace_southampton,2024-12-29,2025,19,Michael Salisbury,1,0.5977644511172532,0.22692864726657477,0.17530690161617202,0.5921450311673467,0.2319594890947514,0.1758954797379019,True
2024-12-29_tottenham_hotspur_wolverhampton_wanderers,2024-12-29,2025,19,Chris Kavanagh,0,0.4068179301339681,0.25959899937399117,0.3335830704920408,0.5915072404650213,0.19964919437079343,0.20884356516418523,True
2024-12-30_manchester_united_newcastle_united,2024-12-30,2025,19,Simon Hooper,-1,0.2745599417895865,0.255465467820055,0.4699745903903585,0.3530749561057233,0.26407268185192606,0.38285236204235057,True
2024-12-30_aston_villa_brighton_and_hove_albion,2024-12-30,2025,19,Craig Pawson,0,0.3664580455540154,0.25012737693375037,0.38341457751223423,0.490199251400107,0.24636957194720405,0.26343117665268906,True
2024-12-30_ipswich_town_chelsea,2024-12-30,2025,19,John Brooks,1,0.1606350755510132,0.2653960225583898,0.573968901890597,0.13810502162829766,0.18900029852318825,0.6728946798485141,True
2025-01-01_brentford_arsenal,2025-01-01,2025,19,Peter Bankes,-1,0.15330808994635436,0.2940149401448575,0.5526769699087881,0.14241914746315892,0.19790327366234794,0.6596775788744931,False
2025-01-04_southampton_brentford,2025-01-04,2025,20,Stuart Attwell,-1,0.39052717884266247,0.22485336709907736,0.38461945405826015,0.3440826500697634,0.27021179864235656,0.38570555128788,False
2025-01-04_manchester_city_west_ham_united,2025-01-04,2025,20,Michael Salisbury,1,0.6532257107053524,0.16275571513621181,0.1840185741584357,0.7283649793437553,0.15667621066343507,0.11495880999280958,False
2025-01-04_brighton_and_hove_albion_arsenal,2025-01-04,2025,20,Anthony Taylor,0,0.22965309931493033,0.23250441841122174,0.5378424822738479,0.21926922979059058,0.24961196916109002,0.5311188010483194,False
2025-01-04_aston_villa_leicester_city,2025-01-04,2025,20,Jarred Gillett,1,0.600867560876292,0.19649098722440506,0.2026414518993029,0.7227160776676785,0.17313706397846385,0.10414685835385762,False
2025-01-04_tottenham_hotspur_newcastle_united,2025-01-04,2025,20,Andy Madley,-1,0.24541202627093192,0.2809683588774133,0.4736196148516549,0.3314903846153846,0.2423076923076923,0.42620192307692306,True
2025-01-04_bournemouth_everton,2025-01-04,2025,20,John Brooks,1,0.6770885978791811,0.16702786042467663,0.15588354169614227,0.5465481155660593,0.2503819901153413,0.20306989431859954,True
2025-01-04_crystal_palace_chelsea,2025-01-04,2025,20,Tim Robinson,0,0.30591365095498557,0.26117959476876235,0.43290675427625214,0.2622939453294274,0.24674559290010573,0.4909604617704668,True
2025-01-05_liverpool_manchester_united,2025-01-05,2025,20,Michael Oliver,0,0.6934089593353343,0.19281886585876987,0.11377217480589577,0.7412042948008742,0.1580419074864674,0.10075379771265836,True
2025-01-05_fulham_ipswich_town,2025-01-05,2025,20,Darren Bond,0,0.5998161979191874,0.22127746265855094,0.17890633942226172,0.6119595654677973,0.2199670327487935,0.16807340178340913,True
2025-01-06_wolverhampton_wanderers_nottingham_forest,2025-01-06,2025,20,Peter Bankes,-1,0.5139540672964162,0.22388749026321916,0.26215844244036457,0.29568527918781723,0.29568527918781723,0.4086294416243655,False
2025-01-14_west_ham_united_fulham,2025-01-14,2025,21,Craig Pawson,1,0.2605794405692197,0.26997812140791094,0.46944243802286956,0.3227623959923627,0.2794764769963024,0.397761127011335,False
2025-01-14_nottingham_forest_liverpool,2025-01-14,2025,21,Chris Kavanagh,0,0.15853650517226722,0.22719096974756872,0.6142725250801641,0.18622933636145264,0.230100670408141,0.5836699932304065,False
2025-01-14_brentford_manchester_city,2025-01-14,2025,21,Anthony Taylor,0,0.34767210154693107,0.2767642719863253,0.3755636264667436,0.2013159629157696,0.21437673008480163,0.5843073069994288,True
2025-01-14_chelsea_bournemouth,2025-01-14,2025,21,Robert Jones,0,0.48873323785944006,0.25074799672162407,0.26051876541893587,0.6388842769384028,0.19923626099950192,0.1618794620620953,True
2025-01-15_leicester_city_crystal_palace,2025-01-15,2025,21,Andy Madley,-1,0.23546731980271465,0.27554364763970035,0.48898903255758497,0.2462418682694027,0.2561443562695127,0.4976137754610846,False
2025-01-15_everton_aston_villa,2025-01-15,2025,21,Samuel Barrott,-1,0.30709534144713235,0.29332195499587027,0.3995827035569974,0.2985648184456121,0.2948788330327033,0.4065563485216846,False
2025-01-15_newcastle_united_wolverhampton_wanderers,2025-01-15,2025,21,Darren England,1,0.7144286524957291,0.16689196854608856,0.11867937895818248,0.7088370266444128,0.1727310443989093,0.1184319289566779,True
2025-01-15_arsenal_tottenham_hotspur,2025-01-15,2025,21,Simon Hooper,1,0.6305402996601931,0.21564638767514577,0.15381331266466114,0.6808594468230412,0.18018964566205248,0.13895090751490635,False
2025-01-16_manchester_united_southampton,2025-01-16,2025,21,John Brooks,1,0.642856568005706,0.20386212965952835,0.15328130233476564,0.7337710487643752,0.1647499764065091,0.10147897482911572,False
2025-01-16_ipswich_town_brighton_and_hove_albion,2025-01-16,2025,21,Tony Harrington,-1,0.28035128882661176,0.3064472682070392,0.413201442966349,0.25141233123249784,0.25613052511621764,0.4924571436512845,False
2025-01-18_brentford_liverpool,2025-01-18,2025,22,Andy Madley,-1,0.20948758453748945,0.29774644105853776,0.4927659744039728,0.1482569317086035,0.18510525648278064,0.6666378118086157,False
2025-01-18_west_ham_united_crystal_palace,2025-01-18,2025,22,Thomas Bramall,-1,0.3240439340766343,0.30176434070639213,0.3741917252169735,0.3646565877821021,0.2801760293223189,0.35516738289557903,True
2025-01-18_leicester_city_fulham,2025-01-18,2025,22,Michael Salisbury,-1,0.26048653168237956,0.24896020810024763,0.4905532602173727,0.2293161143440331,0.2509837786915008,0.5197001069644662,False
2025-01-18_arsenal_aston_villa,2025-01-18,2025,22,Chris Kavanagh,0,0.6430662133582923,0.21204818857062468,0.14488559807108295,0.6324170808398418,0.2195286878317612,0.14805423132839707,False
2025-01-18_newcastle_united_bournemouth,2025-01-18,2025,22,Stuart Attwell,-1,0.6560421505560153,0.16521478687694396,0.1787430625670408,0.583412684870735,0.22251088446232684,0.19407643066693825,False
2025-01-19_nottingham_forest_southampton,2025-01-19,2025,22,Anthony Taylor,1,0.570647824663983,0.2547960556488511,0.1745561196871659,0.6853497099726218,0.19601565779052346,0.11863463223685483,False
2025-01-19_everton_tottenham_hotspur,2025-01-19,2025,22,Darren England,1,0.3472439448350672,0.289007249183159,0.3637488059817737,0.32932341364852075,0.273028813024842,0.3976477733266371,True
2025-01-19_manchester_united_brighton_and_hove_albion,2025-01-19,2025,22,Peter Bankes,-1,0.4715799062200324,0.24406750766999785,0.2843525861099697,0.4575892283577871,0.2577793766220417,0.2846313950201711,False
2025-01-19_ipswich_town_manchester_city,2025-01-19,2025,22,Samuel Barrott,-1,0.17612372152495842,0.27308312552532155,0.5507931529497201,0.12320173066522448,0.17744726879394268,0.699351000540833,False
2025-01-20_chelsea_wolverhampton_wanderers,2025-01-20,2025,22,Simon Hooper,1,0.5978533863000692,0.2480008104719035,0.15414580322802726,0.6962284954658514,0.1731094444261736,0.13066206010797485,False
2025-01-25_liverpool_ipswich_town,2025-01-25,2025,23,Michael Salisbury,1,0.8753506974384039,0.08284171603301554,0.04180758652858068,0.8677957317693248,0.08646515443353782,0.04573911379713739,True
2025-01-25_manchester_city_chelsea,2025-01-25,2025,23,John Brooks,1,0.5120762406010181,0.20453699344713178,0.28338676595185014,0.47153277402972443,0.23752147178172217,0.29094575418855334,True
2025-01-25_wolverhampton_wanderers_arsenal,2025-01-25,2025,23,Michael Oliver,-1,0.21843775942825583,0.1983327340277415,0.5832295065440026,0.1395693066762605,0.20560209693169554,0.654828596392044,False
2025-01-25_southampton_newcastle_united,2025-01-25,2025,23,Samuel Barrott,-1,0.1875930641804227,0.21475098349207863,0.5976559523274988,0.14000309921357454,0.1875876496339054,0.67240925115252,False
2025-01-25_bournemouth_nottingham_forest,2025-01-25,2025,23,Craig Pawson,1,0.5605322071732464,0.20422462050529153,0.23524317232146216,0.4576058108674396,0.2627461936024584,0.27964799553010194,True
2025-01-25_brighton_and_hove_albion_everton,2025-01-25,2025,23,Tim Robinson,-1,0.6567509727179341,0.17859892799878632,0.16465009928327948,0.5738961572729354,0.24829186078906795,0.1778119819379967,False
2025-01-26_crystal_palace_brentford,2025-01-26,2025,23,Tony Harrington,-1,0.5154995450663679,0.2026264098541862,0.28187404507944597,0.4643727317027048,0.25994777915966627,0.2756794891376288,True
2025-01-26_fulham_manchester_united,2025-01-26,2025,23,Anthony Taylor,-1,0.5218062713383512,0.2294267900820867,0.24876693857956214,0.4137920330288615,0.27786616171414824,0.3083418052569903,False
2025-01-26_tottenham_hotspur_leicester_city,2025-01-26,2025,23,Robert Jones,-1,0.6179619881050842,0.18616628029205415,0.19587173160286162,0.654403971603377,0.18338383849154138,0.16221218990508163,True
2025-01-26_aston_villa_west_ham_united,2025-01-26,2025,23,Peter Bankes,0,0.5847170095062028,0.19493625888458388,0.22034673160921345,0.6173386032980039,0.2179669328273135,0.16469446387468267,False
